{
  "前往算卦": {
    "x": -225.7102649619506,
    "y": 5.13597865070146
  },
  "对话NPC": {
    "x": -38.067934720357385,
    "y": 142.49850353519648
  },
  "开始占卜": {
    "x": -32.15751325353688,
    "y": 330.8678816411811
  },
  "接受卦象": {
    "x": -37.86316770366466,
    "y": 477.01091974830024
  },
  "每日一卦确定": {
    "x": 196.88656579219,
    "y": 146.61309561211004
  },
  "听天由命": {
    "x": 195.64915027638938,
    "y": 320.59659091253013
  }
}