{
  "探索山河器": {
    "x": -56.551296889167546,
    "y": -55.79384775788237
  },
  "免费搜索": {
    "x": 263.22742970317813,
    "y": -67.62342749052361
  },
  "等待拾取": {
    "x": -37.21681525176845,
    "y": 159.3231627881731
  },
  "搜索日晷": {
    "x": 243.87629065729743,
    "y": 111.32905825940517
  }
}