{
  "探索山河器": {
    "x": -58.41574387284987,
    "y": 51.411853803852296
  },
  "免费搜索": {
    "x": 198.39197761306644,
    "y": -104.53785300698134
  },
  "等待拾取": {
    "x": -55.77063687641673,
    "y": 206.73995261345985
  },
  "搜索日晷": {
    "x": 392.8814668106612,
    "y": -103.9819435211717
  }
}