{
  "乘坐坐骑": {
    "x": -541.5057811184033,
    "y": -150.66953131681305
  },
  "世界喊话": {
    "x": -434.51893677797227,
    "y": 44.74976170695035
  },
  "判断结束": {
    "x": -159.22216872094322,
    "y": 187.2545085185254
  },
  "重置索引": {
    "x": -140.48959551501602,
    "y": -128.73980236902977
  },
  "递增索引": {
    "x": 24.06837305867507,
    "y": -126.47524316847438
  }
}