{
  "乘坐坐骑": {
    "x": -541.5057811184033,
    "y": -150.66953131681305
  },
  "世界喊话": {
    "x": -434.51893677797227,
    "y": 44.74976170695035
  },
  "判断结束": {
    "x": -159.22216872094322,
    "y": 187.2545085185254
  }
}