{
  "乘坐坐骑": {
    "x": -131.6328125,
    "y": -72.9765625
  },
  "世界喊话": {
    "x": -434.51893677797227,
    "y": 44.74976170695035
  },
  "重置索引": {
    "x": 43.274953963043004,
    "y": -65.20147318262366
  },
  "递增索引": {
    "x": 224.77669237257246,
    "y": -66.88273469186294
  },
  "判断结束": {
    "x": -368.1894641592679,
    "y": 165.82196539664594
  }
}