{
  "切换角色": {
    "x": 48.178750195346055,
    "y": 61.70767123201453
  },
  "点击登录": {
    "x": 386.9678176237335,
    "y": 645.6733005444835
  },
  "设置角色信息": {
    "x": 606.5087864547605,
    "y": 62.33053754991742
  },
  "切换角色1": {
    "x": 80.23108919418732,
    "y": 419.34841177842213
  },
  "切换角色2": {
    "x": 256.2143866440896,
    "y": 418.2543406661828
  },
  "切换角色3": {
    "x": 454.0304835625418,
    "y": 418.8447985633826
  },
  "切换角色4": {
    "x": 632.773969291514,
    "y": 420.77262813403905
  },
  "切换角色5": {
    "x": 799.9807501615536,
    "y": 422.60709348266346
  },
  "按钮设置切换角色": {
    "x": 253.99188507738165,
    "y": 57.021634736312635
  },
  "等待切换角色界面": {
    "x": 417.3618467214498,
    "y": 59.42031116115825
  }
}