{
  "查找课业任务": {
    "x": -58.71512370706956,
    "y": -67.48885670203629
  },
  "接取课业任务": {
    "x": -53.943444145655036,
    "y": 86.1558409509237
  },
  "等待任务完成": {
    "x": 63.9889110563163,
    "y": 228.79252395403444
  },
  "激活课业任务": {
    "x": 298.66854469564254,
    "y": 86.10946222573288
  },
  "一键提交": {
    "x": 623.7560038424592,
    "y": 75.18731988472621
  },
  "课业对话确定": {
    "x": 627.3364221616032,
    "y": 431.60294764942563
  },
  "前往课业NPC": {
    "x": 627.0605187319884,
    "y": 320.2785782901057
  },
  "对话课业NPC": {
    "x": 626.0230547550432,
    "y": 208.05955811719502
  },
  "交易检测": {
    "x": 307.831281518342,
    "y": 212.3469266940482
  },
  "购买道具": {
    "x": 325.1223337444036,
    "y": 380.5491708492291
  },
  "放弃任务": {
    "x": 240.68474842763362,
    "y": 541.0923496463737
  },
  "任务折叠": {
    "x": 321.270088068999,
    "y": 694.0368769395164
  },
  "点击任务江湖": {
    "x": 384.00466738056446,
    "y": 818.6895050915289
  },
  "重新接取课业任务": {
    "x": 409.1467051277632,
    "y": 988.0341661095746
  }
}