{
  "用户中心": {
    "x": -266.31624372630887,
    "y": -107.0863668444841
  },
  "其他账号登录": {
    "x": -265.96159699103316,
    "y": 15.626964375177895
  },
  "踏入江湖": {
    "x": -270.3670822795294,
    "y": 144.92508243427247
  },
  "切换账号": {
    "x": -269.18343122630887,
    "y": -220.1098043444841
  },
  "回放账号": {
    "x": -64.07380276480407,
    "y": -232.80385932186627
  }
}