{
  "用户中心": {
    "x": -266.31624372630887,
    "y": -107.0863668444841
  },
  "其他账号登录": {
    "x": -265.96159699103316,
    "y": 15.626964375177895
  },
  "踏入江湖": {
    "x": -260.1336400298478,
    "y": 153.87934440274387
  },
  "切换账号": {
    "x": -269.18343122630887,
    "y": -220.1098043444841
  },
  "回放账号": {
    "x": -50.073802764804064,
    "y": -233.13393744686627
  }
}