{
  "茶馆说书前往": {
    "x": 220.6668510742012,
    "y": -88.59407352389884
  },
  "等待到达NPC": {
    "x": 219.62238092449695,
    "y": 48.36526271686085
  },
  "随机答题": {
    "x": 443.10139749452753,
    "y": 111.06650422289958
  },
  "检查茶馆": {
    "x": 443.08339125500083,
    "y": -13.332719310465746
  },
  "等待退出茶馆": {
    "x": 218.55566164667337,
    "y": 192.8782994724607
  }
}