{
  "茶馆说书前往": {
    "x": 220.6668510742012,
    "y": -88.59407352389884
  },
  "等待到达NPC": {
    "x": 219.62238092449695,
    "y": 48.36526271686085
  },
  "随机答题": {
    "x": 397.387341713773,
    "y": 142.5417557440748
  },
  "检查茶馆": {
    "x": 539.7573780700391,
    "y": -17.079773062986607
  },
  "等待退出茶馆": {
    "x": 218.55566164667337,
    "y": 192.8782994724607
  }
}