{
  "切换角色": {
    "x": 56.59094761824039,
    "y": 53.295473809120196
  },
  "点击登录": {
    "x": 494.9160874724529,
    "y": 630.0033904051533
  },
  "设置角色信息": {
    "x": 834.3770130530597,
    "y": 50.82386845228005
  },
  "切换角色1": {
    "x": 79.723968649259,
    "y": 427.36508185727115
  },
  "切换角色2": {
    "x": 282.3309035429733,
    "y": 424.3481946092557
  },
  "切换角色3": {
    "x": 509.74571961349375,
    "y": 429.29140532293604
  },
  "切换角色4": {
    "x": 705.0296660450923,
    "y": 425.9959315138158
  },
  "切换角色5": {
    "x": 934.9160874724529,
    "y": 424.3481946092557
  },
  "打开属性": {
    "x": 655.6806238345481,
    "y": 52.45465333107306
  },
  "按钮设置切换角色": {
    "x": 261.2391930835734,
    "y": 54.60586540091538
  },
  "等待切换角色界面": {
    "x": 465.67723342939496,
    "y": 57.809798270893424
  }
}