{
  "切换角色": {
    "x": 50,
    "y": 50
  },
  "打开属性": {
    "x": 270,
    "y": 50
  },
  "按钮设置确定": {
    "x": 490,
    "y": 50
  },
  "等待切换角色界面": {
    "x": 710,
    "y": 50
  },
  "按钮设置切换角色": {
    "x": 50,
    "y": 150
  },
  "切换角色1": {
    "x": 270,
    "y": 150
  },
  "切换角色2": {
    "x": 490,
    "y": 150
  },
  "切换角色3": {
    "x": 710,
    "y": 150
  },
  "切换角色4": {
    "x": 866.5358794419129,
    "y": 149.82584075320324
  },
  "切换角色5": {
    "x": 1029.4879452635341,
    "y": 150.4432205947834
  },
  "点击登录": {
    "x": 753.2483719741402,
    "y": 457.33721332476534
  }
}