{
  "切换角色": {
    "x": 50,
    "y": 50
  },
  "点击登录": {
    "x": 270,
    "y": 50
  },
  "设置角色信息": {
    "x": 490,
    "y": 50
  },
  "切换角色1": {
    "x": 710,
    "y": 50
  },
  "切换角色2": {
    "x": 50,
    "y": 150
  },
  "切换角色3": {
    "x": 270,
    "y": 150
  },
  "切换角色4": {
    "x": 490,
    "y": 150
  },
  "切换角色5": {
    "x": 710,
    "y": 150
  },
  "打开属性": {
    "x": 47.6657060518732,
    "y": 274.8991354466859
  },
  "按钮设置切换角色": {
    "x": 275.2449567723342,
    "y": 280.3458213256484
  },
  "等待切换角色界面": {
    "x": 493.68876080691655,
    "y": 281.90201729106633
  }
}