{
  "等待砺刃界面": {
    "x": 64.28070175438597,
    "y": -72.5193941885965
  },
  "分析结果": {
    "x": -87.6514528508772,
    "y": 57.140350877192986
  },
  "执行结果": {
    "x": 47.403508771929836,
    "y": 233.08771929824562
  }
}